rbd,rut,name,comuna,region,active
15600,65145205,ALBERTO HURTADO CRUCHAGA,DOÑIHUE,REGIÓN DE O'HIGGINS,1
41349,65105333,AULA HOSPITALARIA HOSPITAL RANCAGUA,RANCAGUA,REGIÓN DE O'HIGGINS,1
42345,65105333,AULA HOSPITALARIA HOSPITAL RENGO,RENGO,REGIÓN DE O'HIGGINS,1
42275,61602145,BAMBI,SAN FERNANDO,REGIÓN DE O'HIGGINS,1
15633,65143756,BRITISH COLLEGE L.T.D.,SAN FERNANDO,REGIÓN DE O'HIGGINS,1
15672,65145687,C.DE TRANS.DE LA COMUNIC. STA.TERESA DE JESUS,SAN VICENTE,REGIÓN DE O'HIGGINS,1
11284,71014200,CENTRO DE EDUCACION DE ADULTOS,RANCAGUA,REGIÓN DE O'HIGGINS,1
20494,65155901,CENTRO DE EDUCACION INTEGRAL DE ADULTOS `RENACER`,RANCAGUA,REGIÓN DE O'HIGGINS,1
15754,69090700,CENTRO DE RECURSOS EDUCATIVO INTEGRARTE,CHÉPICA,REGIÓN DE O'HIGGINS,1
15778,65154276,CENTRO EDUC. ACUARELA TE ACOGE,NANCAGUA,REGIÓN DE O'HIGGINS,1
15756,65124353,CENTRO EDUC. INT. DE ADULTOS SEMPER,RANCAGUA,REGIÓN DE O'HIGGINS,1
2331,71015300,CENTRO EDUC. REQUEGUA,SAN VICENTE,REGIÓN DE O'HIGGINS,1
2309,65117582,CENTRO EDUCACIONAL ASUNCION,RENGO,REGIÓN DE O'HIGGINS,1
15723,65145506,CENTRO EDUCACIONAL INTEGRAL DE ADULTOS LOS ROBLES,RANCAGUA,REGIÓN DE O'HIGGINS,1
40115,65127666,CENTRO EDUCACIONAL PAULO FREIRE,SAN FERNANDO,REGIÓN DE O'HIGGINS,1
15782,65153844,CENTRO EDUCATIVO ESPECIAL CREEMOS,SAN FERNANDO,REGIÓN DE O'HIGGINS,1
15641,65024466,CENTRO EDUCATIVO INTEGRAL LAS ENCINAS,RANCAGUA,REGIÓN DE O'HIGGINS,1
15681,65155178,CENTRO EDUCATIVO INTEGRAL MARIA MAGDALENA,SAN FERNANDO,REGIÓN DE O'HIGGINS,1
2360,69081100,CENTRO EDUCATIVO SIGLO XXI,PICHIDEGUA,REGIÓN DE O'HIGGINS,1
11263,62000790,CENTRO PARVULARIO DE CHIMBARONGO,CHIMBARONGO,REGIÓN DE O'HIGGINS,1
15660,65154824,CENTRO REHAB. DEL LENGUAJE ORAL CERLO,RANCAGUA,REGIÓN DE O'HIGGINS,1
15712,65144436,CENTRO TRAST. DEL LENGUAJE ORAL ALBORADA,RANCAGUA,REGIÓN DE O'HIGGINS,1
15607,65149011,CENTRO TRAST. Y TRAT. LENG. CHOIN RAYEN,RANCAGUA,REGIÓN DE O'HIGGINS,1
15656,65149463,CENTRO TRAST.LENGUAJE LOS BRUJITOS,MACHALÍ,REGIÓN DE O'HIGGINS,1
41081,76407810,CENTRO VITAMINA MUJICA,RANCAGUA,REGIÓN DE O'HIGGINS,1
15653,65115342,CENTTRO TRAST.LENGUAJE NUESTRA ESPERAN,MOSTAZAL,REGIÓN DE O'HIGGINS,1
15765,65155185,CHARLES DARWIN,LAS CABRAS,REGIÓN DE O'HIGGINS,1
15522,65115621,CHARLY SCHOOL,PICHILEMU,REGIÓN DE O'HIGGINS,1
2126,71014200,COL. JOSE A. MANSO DE VELASCO Y S.,RANCAGUA,REGIÓN DE O'HIGGINS,1
11245,69081300,COL.EDUC. ESPECIAL DR. ALBERT SCHWEITZER,REQUÍNOA,REGIÓN DE O'HIGGINS,1
2133,71014200,COL.ESPECIAL DR. RICARDO OLEA GULDEMONT,RANCAGUA,REGIÓN DE O'HIGGINS,1
2262,69081400,COL.MARIA VILLALOBOS ARTEAGA,OLIVAR,REGIÓN DE O'HIGGINS,1
15594,65118943,COLEG.TERESIANO JUANITA FERNANDEZ SOLAR,MOSTAZAL,REGIÓN DE O'HIGGINS,1
15589,65155657,COLEGIO ALCALDE PEDRO URBINA,PEUMO,REGIÓN DE O'HIGGINS,1
15820,65145419,COLEGIO ALEMAN SAN MIGUEL,SAN VICENTE,REGIÓN DE O'HIGGINS,1
15807,65142951,COLEGIO ALERCE,CHIMBARONGO,REGIÓN DE O'HIGGINS,1
15744,65155752,COLEGIO ALMENAR,SAN VICENTE,REGIÓN DE O'HIGGINS,1
2185,,COLEGIO ALONSO DE ERCILLA,RANCAGUA,REGIÓN DE O'HIGGINS,1
2400,65597860,COLEGIO AMADA SOFIA GARCIA,COLTAUCO,REGIÓN DE O'HIGGINS,1
15593,65154637,COLEGIO AMERICANO,SAN FERNANDO,REGIÓN DE O'HIGGINS,1
2223,69080500,COLEGIO ANDRES BELLO,MOSTAZAL,REGIÓN DE O'HIGGINS,1
15811,65154651,COLEGIO ANGOSTURA,SAN FERNANDO,REGIÓN DE O'HIGGINS,1
15601,65180611,COLEGIO ANTILEN,RENGO,REGIÓN DE O'HIGGINS,1
2209,69080300,COLEGIO ANTONIO TRDAN ARKO,GRANEROS,REGIÓN DE O'HIGGINS,1
15763,69080300,COLEGIO ANTUHUE,GRANEROS,REGIÓN DE O'HIGGINS,1
15576,78454910,COLEGIO ARRAYANES,SAN FERNANDO,REGIÓN DE O'HIGGINS,1
2250,69080200,COLEGIO ARTÍSTICO SANTA TERESA DE MACHALI,MACHALÍ,REGIÓN DE O'HIGGINS,1
15644,65154914,COLEGIO AUDICION Y LENG. SAN GASPAR,SAN FERNANDO,REGIÓN DE O'HIGGINS,1
2129,71014200,COLEGIO AURORA DE CHILE,RANCAGUA,REGIÓN DE O'HIGGINS,1
15776,65153388,COLEGIO AVE FENIX,RANCAGUA,REGIÓN DE O'HIGGINS,1
20364,65074546,COLEGIO AYELEN,RANCAGUA,REGIÓN DE O'HIGGINS,1
2525,62000790,COLEGIO BASICO CONSOLIDADO,NANCAGUA,REGIÓN DE O'HIGGINS,1
15812,69091500,COLEGIO BASICO VIOLETA PARRA SANDOVAL,PERALILLO,REGIÓN DE O'HIGGINS,1
2251,69080200,COLEGIO BELLAVISTA,MACHALÍ,REGIÓN DE O'HIGGINS,1
15753,71014200,COLEGIO BENJAMIN VICUÑA MACKENNA,RANCAGUA,REGIÓN DE O'HIGGINS,1
15832,65155667,COLEGIO BOSQUES DE CHILE,SAN VICENTE,REGIÓN DE O'HIGGINS,1
2440,69080800,COLEGIO CARMEN OJEDA SANTANDER,LAS CABRAS,REGIÓN DE O'HIGGINS,1
15739,65119266,COLEGIO CHIMBARONGO,CHIMBARONGO,REGIÓN DE O'HIGGINS,1
15758,65115005,COLEGIO CHRISTIAN COLLEGE,SAN FERNANDO,REGIÓN DE O'HIGGINS,1
20489,65094473,COLEGIO CIMA,COINCO,REGIÓN DE O'HIGGINS,1
2260,,COLEGIO COYA,MACHALÍ,REGIÓN DE O'HIGGINS,1
15544,65144734,COLEGIO CRIPTOCARYA ALBA,PEUMO,REGIÓN DE O'HIGGINS,1
15732,65043504,COLEGIO CRISTIANO ADONAY,RANCAGUA,REGIÓN DE O'HIGGINS,1
15585,65042851,COLEGIO CRISTIANO RESURRECCION,RANCAGUA,REGIÓN DE O'HIGGINS,1
2544,69090700,COLEGIO CRUZ MARIA,CHÉPICA,REGIÓN DE O'HIGGINS,1
2163,65095011,COLEGIO CUISENAIRE,RANCAGUA,REGIÓN DE O'HIGGINS,1
15830,65144651,COLEGIO DE ADULTOS MOSTAZAL,MOSTAZAL,REGIÓN DE O'HIGGINS,1
41374,65127865,COLEGIO DE ADULTOS RENACER,PICHIDEGUA,REGIÓN DE O'HIGGINS,1
16840,65127865,COLEGIO DE ADULTOS RENACIMIENTO,PEUMO,REGIÓN DE O'HIGGINS,1
20452,65182297,COLEGIO DE EDUCACION DE ADULTOS PAULO FREIRE,RANCAGUA,REGIÓN DE O'HIGGINS,1
15747,65145306,COLEGIO DE EDUCACION ESPECIAL MOSTAZAL,MOSTAZAL,REGIÓN DE O'HIGGINS,1
2656,65147679,COLEGIO DE LA PRECIOSA SANGRE,PICHILEMU,REGIÓN DE O'HIGGINS,1
15799,65145134,COLEGIO DE LENGUAJE PADRE PIO,SANTA CRUZ,REGIÓN DE O'HIGGINS,1
15819,65145134,COLEGIO DE LENGUAJE PADRE PIO PERALILLO,PERALILLO,REGIÓN DE O'HIGGINS,1
40236,65145134,COLEGIO DE LENGUAJE PADRE PIO SAN FERNANDO,SAN FERNANDO,REGIÓN DE O'HIGGINS,1
15713,65155765,COLEGIO DE LENGUAJE RAILEF,PICHILEMU,REGIÓN DE O'HIGGINS,1
2231,69080500,COLEGIO DEL CAMINO REAL MARIO MIRANDA PINTO,MOSTAZAL,REGIÓN DE O'HIGGINS,1
15767,65112458,COLEGIO DIEGO PORTALES,MACHALÍ,REGIÓN DE O'HIGGINS,1
15661,65118168,COLEGIO DIVINA ESPERANZA,RANCAGUA,REGIÓN DE O'HIGGINS,1
11242,65154985,COLEGIO EL COBRE DE LOS ANDES,RANCAGUA,REGIÓN DE O'HIGGINS,1
2355,65077574,COLEGIO EL SALVADOR,SAN VICENTE,REGIÓN DE O'HIGGINS,1
11265,65113543,COLEGIO ENA BELLEMANS MONTTI,RANCAGUA,REGIÓN DE O'HIGGINS,1
16932,65145203,COLEGIO ESCUELA PREMILITAR LAUTARO,OLIVAR,REGIÓN DE O'HIGGINS,1
2118,71014200,COLEGIO ESPANA,RANCAGUA,REGIÓN DE O'HIGGINS,1
15731,65155263,COLEGIO ESPANA,SAN VICENTE,REGIÓN DE O'HIGGINS,1
15683,65152685,COLEGIO EVELYN S SCHOOL,SANTA CRUZ,REGIÓN DE O'HIGGINS,1
15719,75532900,COLEGIO FRAY ANDRES,RANCAGUA,REGIÓN DE O'HIGGINS,1
2247,69080200,COLEGIO GABRIELA MISTRAL,MACHALÍ,REGIÓN DE O'HIGGINS,1
2459,62000790,COLEGIO GIUSEPPE BERTOLUZZI DE FELIP,SAN FERNANDO,REGIÓN DE O'HIGGINS,1
15779,65145508,COLEGIO HERMANO DE ASIS,SAN FERNANDO,REGIÓN DE O'HIGGINS,1
2463,62000790,COLEGIO HERMANO FERNANDO DE LA FUENTE,SAN FERNANDO,REGIÓN DE O'HIGGINS,1
15676,65153467,COLEGIO HISPANO CHILENO EL PILAR,RANCAGUA,REGIÓN DE O'HIGGINS,1
15605,65145908,COLEGIO HUMANISTA INTEGRADO,RANCAGUA,REGIÓN DE O'HIGGINS,1
2429,69080800,COLEGIO INES DE SUAREZ,LAS CABRAS,REGIÓN DE O'HIGGINS,1
15521,79516600,COLEGIO INGLES SAINT JOHN,RANCAGUA,REGIÓN DE O'HIGGINS,1
2455,65027559,COLEGIO INMACULADA CONCEPCION,SAN FERNANDO,REGIÓN DE O'HIGGINS,1
15793,65155753,COLEGIO INTERAMERICANO,RANCAGUA,REGIÓN DE O'HIGGINS,1
2234,69080400,COLEGIO JESUS ANDINO,CODEGUA,REGIÓN DE O'HIGGINS,1
15777,65138471,COLEGIO JUAN LUIS VIVES,RANCAGUA,REGIÓN DE O'HIGGINS,1
2246,69080200,COLEGIO JUAN TACHOIRE MOENA,MACHALÍ,REGIÓN DE O'HIGGINS,1
2419,69080600,COLEGIO JULIO SILVA LAZO,DOÑIHUE,REGIÓN DE O'HIGGINS,1
15564,71956300,COLEGIO LA CRUZ,MACHALÍ,REGIÓN DE O'HIGGINS,1
20460,65144651,COLEGIO LA MISION MOSTAZAL,MOSTAZAL,REGIÓN DE O'HIGGINS,1
2274,69081300,COLEGIO LA PIMPINELA,REQUÍNOA,REGIÓN DE O'HIGGINS,1
15700,70414900,COLEGIO LA REPUBLICA,RANCAGUA,REGIÓN DE O'HIGGINS,1
40071,65143756,COLEGIO LANGUAGE SCHOOL,SAN FERNANDO,REGIÓN DE O'HIGGINS,1
15750,65155753,COLEGIO LAS AMERICAS,RANCAGUA,REGIÓN DE O'HIGGINS,1
40006,65155463,COLEGIO LEONARDO DA VINCI,RANCAGUA,REGIÓN DE O'HIGGINS,1
2532,69090700,COLEGIO LIBERTADOR O´HIGGINS DE CHEPICA,CHÉPICA,REGIÓN DE O'HIGGINS,1
2654,69091200,COLEGIO LIBERTADORES,PICHILEMU,REGIÓN DE O'HIGGINS,1
15690,65038200,COLEGIO LOS CIPRESES,DOÑIHUE,REGIÓN DE O'HIGGINS,1
2249,69080200,COLEGIO LOS LLANOS,MACHALÍ,REGIÓN DE O'HIGGINS,1
2549,69090600,COLEGIO LUIS ALEJANDRO ALVAREZ MUÑOZ,SANTA CRUZ,REGIÓN DE O'HIGGINS,1
15682,65155874,COLEGIO MAGISTER,RANCAGUA,REGIÓN DE O'HIGGINS,1
15664,65155165,COLEGIO MANQUEMAVIDA,SANTA CRUZ,REGIÓN DE O'HIGGINS,1
2285,69081200,COLEGIO MANUEL FRANCISCO CORREA,RENGO,REGIÓN DE O'HIGGINS,1
2626,69091500,COLEGIO MANUEL RODRIGUEZ ERDOIZA,PERALILLO,REGIÓN DE O'HIGGINS,1
2146,71014200,COLEGIO MANUEL ROJAS,RANCAGUA,REGIÓN DE O'HIGGINS,1
2438,69080800,COLEGIO MARIA LUISA FABRES VERGARA,LAS CABRAS,REGIÓN DE O'HIGGINS,1
2235,69080400,COLEGIO MARIANO LATORRE,CODEGUA,REGIÓN DE O'HIGGINS,1
15762,69080300,COLEGIO MARÍA ESCOBILLANA GUZMÁN,GRANEROS,REGIÓN DE O'HIGGINS,1
15624,65116436,COLEGIO MISTRAL,LAS CABRAS,REGIÓN DE O'HIGGINS,1
11244,76119745,COLEGIO MUNDO INFANTIL,RANCAGUA,REGIÓN DE O'HIGGINS,1
2240,69080400,COLEGIO MUNICIPAL CRISTO DEL PARQUE,CODEGUA,REGIÓN DE O'HIGGINS,1
2301,69081200,COLEGIO MUNICIPAL DE APALTA,RENGO,REGIÓN DE O'HIGGINS,1
2327,69081700,COLEGIO MUNICIPAL DE EDUCACION ESPECIAL,QUINTA DE TILCOCO,REGIÓN DE O'HIGGINS,1
2658,69073800,COLEGIO MUNICIPAL DIVINA GABRIELA,NAVIDAD,REGIÓN DE O'HIGGINS,1
2116,71014200,COLEGIO MUNICIPAL EDUARDO DE GEYTER,RANCAGUA,REGIÓN DE O'HIGGINS,1
2299,69081200,COLEGIO MUNICIPAL EL CERRILLO,RENGO,REGIÓN DE O'HIGGINS,1
2536,69090700,COLEGIO MUNICIPAL EMILIA SALINAS DIAZ,CHÉPICA,REGIÓN DE O'HIGGINS,1
15728,69081600,COLEGIO MUNICIPAL HUALLILEN,COINCO,REGIÓN DE O'HIGGINS,1
2294,69081200,COLEGIO MUNICIPAL LA ESMERALDA,RENGO,REGIÓN DE O'HIGGINS,1
2414,69080600,COLEGIO MUNICIPAL LA ISLA,DOÑIHUE,REGIÓN DE O'HIGGINS,1
2535,69090700,COLEGIO MUNICIPAL LAS ALAMEDAS,CHÉPICA,REGIÓN DE O'HIGGINS,1
2296,69081200,COLEGIO MUNICIPAL LO CARTAGENA,RENGO,REGIÓN DE O'HIGGINS,1
2282,69081200,COLEGIO MUNICIPAL LO DE LOBO,RENGO,REGIÓN DE O'HIGGINS,1
2293,69081200,COLEGIO MUNICIPAL LOS CHOAPINOS,RENGO,REGIÓN DE O'HIGGINS,1
2286,69081200,COLEGIO MUNICIPAL LUIS GALDAMES,RENGO,REGIÓN DE O'HIGGINS,1
2304,69081200,COLEGIO MUNICIPAL VILLA DEL COBIL,RENGO,REGIÓN DE O'HIGGINS,1
15817,70912300,COLEGIO NAHUELCURA,MACHALÍ,REGIÓN DE O'HIGGINS,1
2243,69080400,COLEGIO NATALIA PERALTA P,CODEGUA,REGIÓN DE O'HIGGINS,1
15650,65144698,COLEGIO NAZARETH,RANCAGUA,REGIÓN DE O'HIGGINS,1
15657,65161828,COLEGIO NEHUEN,SAN VICENTE,REGIÓN DE O'HIGGINS,1
2165,65147675,COLEGIO NIÑO JESUS DE PRAGA,RANCAGUA,REGIÓN DE O'HIGGINS,1
40101,65115342,COLEGIO NUESTRA ESPERANZA,MOSTAZAL,REGIÓN DE O'HIGGINS,1
2389,69080700,COLEGIO NUESTRA SEÑORA DE LORETO,COLTAUCO,REGIÓN DE O'HIGGINS,1
2125,71014200,COLEGIO PABLO GARRIDO,RANCAGUA,REGIÓN DE O'HIGGINS,1
20498,65112673,COLEGIO PARA ADULTOS `CARPE DIEM`,RANCAGUA,REGIÓN DE O'HIGGINS,1
15757,65093061,COLEGIO PART. SUBV. SAN ESTEBAN,SAN FERNANDO,REGIÓN DE O'HIGGINS,1
2441,72213600,COLEGIO PART.SANT.VIRGEN MARIA,LAS CABRAS,REGIÓN DE O'HIGGINS,1
15610,65157721,"COLEGIO PARTIC, SAN JOSE DE LA MONTANA",CHIMBARONGO,REGIÓN DE O'HIGGINS,1
2162,65102257,COLEGIO PARTICULAR ADVENTISTA,RANCAGUA,REGIÓN DE O'HIGGINS,1
15579,65154036,COLEGIO PARTICULAR ALMA MATER,RENGO,REGIÓN DE O'HIGGINS,1
2171,65156114,COLEGIO PARTICULAR ANDRES BELLO,RANCAGUA,REGIÓN DE O'HIGGINS,1
2259,65144891,COLEGIO PARTICULAR ARTURO PRAT,MACHALÍ,REGIÓN DE O'HIGGINS,1
2531,65157721,COLEGIO PARTICULAR EL PRINCIPITO,NANCAGUA,REGIÓN DE O'HIGGINS,1
15621,65127711,COLEGIO PARTICULAR EL REAL,SAN FERNANDO,REGIÓN DE O'HIGGINS,1
2164,65146121,COLEGIO PARTICULAR GABRIELA MISTRAL,RANCAGUA,REGIÓN DE O'HIGGINS,1
2218,65145054,COLEGIO PARTICULAR GRANEROS,GRANEROS,REGIÓN DE O'HIGGINS,1
2159,65113543,COLEGIO PARTICULAR INFANTES DE O´HIGGINS,RANCAGUA,REGIÓN DE O'HIGGINS,1
2183,65155862,COLEGIO PARTICULAR INSTITUTO SAN ANDRES,RANCAGUA,REGIÓN DE O'HIGGINS,1
2170,77149450,COLEGIO PARTICULAR JAVIERA CARRERA,RANCAGUA,REGIÓN DE O'HIGGINS,1
15571,65143953,COLEGIO PARTICULAR LA PRIMAVERA,QUINTA DE TILCOCO,REGIÓN DE O'HIGGINS,1
15622,65120984,COLEGIO PARTICULAR LOMAS BLANCAS,NANCAGUA,REGIÓN DE O'HIGGINS,1
2179,65153236,COLEGIO PARTICULAR LOS CONQUISTADORES,RANCAGUA,REGIÓN DE O'HIGGINS,1
15501,65154129,COLEGIO PARTICULAR LUCILA GODOY ALCAYAGA,SANTA CRUZ,REGIÓN DE O'HIGGINS,1
2217,65138188,COLEGIO PARTICULAR NUESTRA SENORA,GRANEROS,REGIÓN DE O'HIGGINS,1
2220,65145037,COLEGIO PARTICULAR SAN MARTIN,GRANEROS,REGIÓN DE O'HIGGINS,1
2151,65157811,COLEGIO PARTICULAR SANTA MARIA,RANCAGUA,REGIÓN DE O'HIGGINS,1
15515,65145037,COLEGIO PARTICULAR SUBV. CHILDREN SCHOOL,GRANEROS,REGIÓN DE O'HIGGINS,1
11256,65154964,COLEGIO PARTICULAR SUBV.DON BOSCO,RANCAGUA,REGIÓN DE O'HIGGINS,1
2182,65149476,COLEGIO PARTICULAR SUBVENCIONADO MANZANAL,RANCAGUA,REGIÓN DE O'HIGGINS,1
15859,65118293,COLEGIO PARTICULAR SUBVENCIONADO NANCAGUA SCHOOL,NANCAGUA,REGIÓN DE O'HIGGINS,1
2155,65145037,COLEGIO PARTICULAR WHIPPLE SCHOOL,RANCAGUA,REGIÓN DE O'HIGGINS,1
15597,,COLEGIO PROVIDENCIA JARDIN INFANTIL,RANCAGUA,REGIÓN DE O'HIGGINS,1
40310,65144281,COLEGIO PUCARA,GRANEROS,REGIÓN DE O'HIGGINS,1
2390,69080700,COLEGIO QUILLAYQUEN RINCONADA DE PARRAL,COLTAUCO,REGIÓN DE O'HIGGINS,1
15510,76127697,COLEGIO QUIMAHUE,RANCAGUA,REGIÓN DE O'HIGGINS,1
15707,96572390,COLEGIO RANCAGUA,RANCAGUA,REGIÓN DE O'HIGGINS,1
2325,69081700,COLEGIO RAÚL RAMÍREZ MAYOL,QUINTA DE TILCOCO,REGIÓN DE O'HIGGINS,1
15792,65154979,COLEGIO REAL DE CAREN,MACHALÍ,REGIÓN DE O'HIGGINS,1
2121,71014200,COLEGIO REPUBLICA ARGENTINA,RANCAGUA,REGIÓN DE O'HIGGINS,1
2416,69080600,COLEGIO REPUBLICA DE CHILE,DOÑIHUE,REGIÓN DE O'HIGGINS,1
40219,65144813,COLEGIO SAGRADA FAMILIA,COLTAUCO,REGIÓN DE O'HIGGINS,1
2191,70740000,COLEGIO SAGRADO CORAZON,RANCAGUA,REGIÓN DE O'HIGGINS,1
2326,65597870,COLEGIO SAGRADO CORAZON DE JESUS,QUINTA DE TILCOCO,REGIÓN DE O'HIGGINS,1
40023,76960640,COLEGIO SAN ALBERTO,MACHALÍ,REGIÓN DE O'HIGGINS,1
15632,65143732,COLEGIO SAN ANGELO,RANCAGUA,REGIÓN DE O'HIGGINS,1
2308,65096485,COLEGIO SAN ANTONIO DEL BALUARTE,RENGO,REGIÓN DE O'HIGGINS,1
40371,65153487,COLEGIO SAN CARLOS DE LAS CABRAS,LAS CABRAS,REGIÓN DE O'HIGGINS,1
15627,65153048,COLEGIO SAN FRANCISCO,MACHALÍ,REGIÓN DE O'HIGGINS,1
2575,62000790,COLEGIO SAN GREGORIO,NANCAGUA,REGIÓN DE O'HIGGINS,1
15534,78904060,COLEGIO SAN IGNACIO,MACHALÍ,REGIÓN DE O'HIGGINS,1
40241,65115555,COLEGIO SAN JOSE,MACHALÍ,REGIÓN DE O'HIGGINS,1
15582,72463900,COLEGIO SAN MIGUEL ARCANGEL,RANCAGUA,REGIÓN DE O'HIGGINS,1
15755,65154537,COLEGIO SAN NICOLAS,CHIMBARONGO,REGIÓN DE O'HIGGINS,1
15828,65115195,COLEGIO SAN NICOLAS DE BARI,RANCAGUA,REGIÓN DE O'HIGGINS,1
40146,65124995,COLEGIO SAN RAMON,RANCAGUA,REGIÓN DE O'HIGGINS,1
15726,61980610,COLEGIO SAN SEBASTIAN SCHOOL,RANCAGUA,REGIÓN DE O'HIGGINS,1
15524,96565730,COLEGIO SANTA CRUZ DE UNCO,SANTA CRUZ,REGIÓN DE O'HIGGINS,1
15768,71014200,COLEGIO SANTA FILOMENA,RANCAGUA,REGIÓN DE O'HIGGINS,1
2356,70727100,COLEGIO SANTA INES,SAN VICENTE,REGIÓN DE O'HIGGINS,1
15705,65145108,COLEGIO SANTA TERESA,RANCAGUA,REGIÓN DE O'HIGGINS,1
2238,69080400,COLEGIO SANTA TERESA DE TUNCA,CODEGUA,REGIÓN DE O'HIGGINS,1
2174,65154984,COLEGIO SANTO TOMAS,RANCAGUA,REGIÓN DE O'HIGGINS,1
15855,65155722,COLEGIO SEBASTIAN`S COLLEGE,GRANEROS,REGIÓN DE O'HIGGINS,1
2233,65092541,COLEGIO TECNOLOGICO PULMAHUE,MOSTAZAL,REGIÓN DE O'HIGGINS,1
15840,65154735,COLEGIO TECNOLÓGICO PULMAHUE,RANCAGUA,REGIÓN DE O'HIGGINS,1
15586,65144592,COLEGIO TIA MONICA,RANCAGUA,REGIÓN DE O'HIGGINS,1
20500,76466752,COLEGIO TRICAHUE,REQUÍNOA,REGIÓN DE O'HIGGINS,1
15857,65095732,COLEGIO UMBRALES,CHIMBARONGO,REGIÓN DE O'HIGGINS,1
15745,65121683,COLEGIO VALLE DE COLCHAGUA,SAN FERNANDO,REGIÓN DE O'HIGGINS,1
40038,65145037,COLEGIO WHIPPLE SCHOOL ORIENTE,RANCAGUA,REGIÓN DE O'HIGGINS,1
15787,65155469,COMPLEJO EDUCACIONAL LAS ARAUCARIAS,SAN FERNANDO,REGIÓN DE O'HIGGINS,1
15691,65152906,ECUELA DE LENGUAJE LOS PALTOS,PEUMO,REGIÓN DE O'HIGGINS,1
15554,65154764,EL PEQUENO MOZART,MACHALÍ,REGIÓN DE O'HIGGINS,1
15764,65161837,ELENA GAETE DARBEAUX,PICHIDEGUA,REGIÓN DE O'HIGGINS,1
15824,76130333,ESC ESP. DE LENGUAJE NUESTRA SRA DE LOURDES,DOÑIHUE,REGIÓN DE O'HIGGINS,1
11248,71015300,ESC. ADRIANA ARANGUIZ CERDA,SAN VICENTE,REGIÓN DE O'HIGGINS,1
2426,69080800,ESC. CONTRAMAESTRE CONSTANTINO MICALVI,LAS CABRAS,REGIÓN DE O'HIGGINS,1
2232,69080500,ESC. DE PARV. LAURITA VICUNA,MOSTAZAL,REGIÓN DE O'HIGGINS,1
2413,69080600,ESC. DE PARVULOS MIS PRIMEROS PASOS,DOÑIHUE,REGIÓN DE O'HIGGINS,1
2335,71015300,ESC. ENRIQUE YANEZ GONZALEZ,SAN VICENTE,REGIÓN DE O'HIGGINS,1
15800,65145792,ESC. ESP. DE LENGUAJE EL SEMBRADOR,DOÑIHUE,REGIÓN DE O'HIGGINS,1
15760,65144735,ESC. ESP. DE LENGUAJE JUNTITOS,RANCAGUA,REGIÓN DE O'HIGGINS,1
15839,65124454,ESC. ESP. DE LENGUAJE SEMILLITA DE LA PUNTA,MOSTAZAL,REGIÓN DE O'HIGGINS,1
15673,65154973,"ESC. ESP. EL ROBLE, CENTRO DE ATENCION A NECES. EDUC. ESP.",SAN FERNANDO,REGIÓN DE O'HIGGINS,1
15796,65154527,ESC. ESP.DE LENGUAJE SAN FRANCISCO DE ASIS,GRANEROS,REGIÓN DE O'HIGGINS,1
2226,69080500,ESC. HIJOS DEL SOL,MOSTAZAL,REGIÓN DE O'HIGGINS,1
2392,69080700,ESC. LUCILA GODOY ALCAYAGA,COLTAUCO,REGIÓN DE O'HIGGINS,1
2560,69090600,ESC. MUNICIPAL LA LAJUELA,SANTA CRUZ,REGIÓN DE O'HIGGINS,1
2267,69081300,ESC. REPUBLICA DE FRANCIA,REQUÍNOA,REGIÓN DE O'HIGGINS,1
2227,69080500,ESC. SAN FRANCISCO DE ASIS,MOSTAZAL,REGIÓN DE O'HIGGINS,1
2255,69080200,ESC. SAN JUAQUIN DE LOS MAYOS,MACHALÍ,REGIÓN DE O'HIGGINS,1
2391,69080700,ESC. SUBTENIENTE JULIO MONTT SALAMANCA,COLTAUCO,REGIÓN DE O'HIGGINS,1
2310,69081500,ESC.ALCIDES REYES FRIAS,MALLOA,REGIÓN DE O'HIGGINS,1
2715,69090900,ESC.BASICA MERCEDES URZUA DIAZ,PAREDONES,REGIÓN DE O'HIGGINS,1
2330,71015300,ESC.CARMEN GALLEGOS DE ROBLE,SAN VICENTE,REGIÓN DE O'HIGGINS,1
15841,65154235,ESC.ESP. DE LENGUAJE AYELEN,RENGO,REGIÓN DE O'HIGGINS,1
15835,65155318,ESC.ESP.DE LENGUAJE EL TREN DE CRISTOBAL,CHIMBARONGO,REGIÓN DE O'HIGGINS,1
2333,71015300,ESC.GUIDO ASSIS GONZALEZ,SAN VICENTE,REGIÓN DE O'HIGGINS,1
2338,71015300,ESC.JUAN BARROS ROLDAN,SAN VICENTE,REGIÓN DE O'HIGGINS,1
2347,71015300,ESC.PARROCO M.BUSTAMANTE,SAN VICENTE,REGIÓN DE O'HIGGINS,1
2469,62000790,ESCUELA ABRAHAM LINCOLN DE AGUA BUENA,SAN FERNANDO,REGIÓN DE O'HIGGINS,1
2219,74304600,ESCUELA AGRICOLA CRISTO OBRERO,GRANEROS,REGIÓN DE O'HIGGINS,1
15774,65153464,ESCUELA AGRICOLA DON GREGORIO,CHIMBARONGO,REGIÓN DE O'HIGGINS,1
2514,71430300,ESCUELA AGRICOLA LAS GARZAS,CHIMBARONGO,REGIÓN DE O'HIGGINS,1
2401,70633700,ESCUELA AGRICOLA SAN VICENTE DE PAUL,COLTAUCO,REGIÓN DE O'HIGGINS,1
2362,69081100,ESCUELA AMELIA LYNCH DE LYON,PICHIDEGUA,REGIÓN DE O'HIGGINS,1
2321,69081700,ESCUELA AMPARO RAYO HORTA,QUINTA DE TILCOCO,REGIÓN DE O'HIGGINS,1
2577,69090600,ESCUELA ANGEL ARRIGORRIAGA,SANTA CRUZ,REGIÓN DE O'HIGGINS,1
11279,69090700,ESCUELA ANGEL MARIA,CHÉPICA,REGIÓN DE O'HIGGINS,1
2528,62000790,ESCUELA BAS. ADRIANA LYON VIAL,NANCAGUA,REGIÓN DE O'HIGGINS,1
2526,62000790,ESCUELA BAS. IGNACIO CARRERA PINTO,NANCAGUA,REGIÓN DE O'HIGGINS,1
2493,62000790,ESCUELA BAS. JOSE MIGUEL CARRERA VERDUGO,CHIMBARONGO,REGIÓN DE O'HIGGINS,1
2501,62000790,ESCUELA BAS. PEDRO ETCHEVERRY,CHIMBARONGO,REGIÓN DE O'HIGGINS,1
2489,62000790,ESCUELA BAS. VILLA CONVENTO VIEJO,CHIMBARONGO,REGIÓN DE O'HIGGINS,1
2467,62000790,ESCUELA BAS.ABEL BOUCHON FAURE,SAN FERNANDO,REGIÓN DE O'HIGGINS,1
2487,62000790,ESCUELA BAS.FERNANDO ARENAS ALMARZA,CHIMBARONGO,REGIÓN DE O'HIGGINS,1
2470,62000790,ESCUELA BAS.SAN JOSE DE LOS LINGUES,SAN FERNANDO,REGIÓN DE O'HIGGINS,1
2379,69080900,ESCUELA BASICA ANTONIO DE ZUNIGA,PEUMO,REGIÓN DE O'HIGGINS,1
2472,62000790,ESCUELA BASICA ANTONIO LARA MEDINA,SAN FERNANDO,REGIÓN DE O'HIGGINS,1
2266,69081300,ESCUELA BASICA CAMPO LINDO,REQUÍNOA,REGIÓN DE O'HIGGINS,1
2664,69073800,ESCUELA BASICA CONFEDERACION HELVETICA,NAVIDAD,REGIÓN DE O'HIGGINS,1
15570,69090500,ESCUELA BASICA GALVARINO VALENZUELA MORAGA,LOLOL,REGIÓN DE O'HIGGINS,1
2476,62000790,ESCUELA BASICA GASPAR MARIN,SAN FERNANDO,REGIÓN DE O'HIGGINS,1
2594,69090500,ESCUELA BASICA HUGO URZUA URZUA,LOLOL,REGIÓN DE O'HIGGINS,1
2457,62000790,ESCUELA BASICA ISABEL LA CATOLICA,SAN FERNANDO,REGIÓN DE O'HIGGINS,1
2367,69081100,ESCUELA BASICA JOSE BERNALES CASTILLO,PICHIDEGUA,REGIÓN DE O'HIGGINS,1
2598,69090500,ESCUELA BASICA OLGA DE GOMEZ,LOLOL,REGIÓN DE O'HIGGINS,1
2365,69081100,ESCUELA BASICA PATAGUAS CERRO,PICHIDEGUA,REGIÓN DE O'HIGGINS,1
2519,62000790,ESCUELA BASICA RAUL CACERES PACHECO,PLACILLA,REGIÓN DE O'HIGGINS,1
2423,69080800,ESCUELA BASICA ROMILIO ARELLANO TRONCOSO,LAS CABRAS,REGIÓN DE O'HIGGINS,1
2384,69080900,ESCUELA BASICA ROSARIO DE CODAO,PEUMO,REGIÓN DE O'HIGGINS,1
2373,69081100,ESCUELA BASICA SAN JOSE,PICHIDEGUA,REGIÓN DE O'HIGGINS,1
2302,69081200,ESCUELA BASICA VICTOR NICOLETTI TAMANINI,RENGO,REGIÓN DE O'HIGGINS,1
2471,62000790,ESCUELA BERNARDO MORENO FREDES,SAN FERNANDO,REGIÓN DE O'HIGGINS,1
2265,69081300,ESCUELA BERTA SAAVEDRA SEGURA,REQUÍNOA,REGIÓN DE O'HIGGINS,1
2527,62000790,ESCUELA BÁSICA PUQUILLAY,NANCAGUA,REGIÓN DE O'HIGGINS,1
2650,69091200,ESCUELA CAHUIL,PICHILEMU,REGIÓN DE O'HIGGINS,1
2279,69081300,ESCUELA CANADA,REQUÍNOA,REGIÓN DE O'HIGGINS,1
2397,69080700,ESCUELA CAPITAN IGNACIO CARRERA PINTO,COLTAUCO,REGIÓN DE O'HIGGINS,1
40078,69091100,ESCUELA CARDENAL RAUL SILVA HENRIQUEZ,LITUECHE,REGIÓN DE O'HIGGINS,1
11283,69091200,ESCUELA CARDONAL PANILONCO,PICHILEMU,REGIÓN DE O'HIGGINS,1
2288,69081200,ESCUELA CARLOS CONDELL DE LA HAZA,RENGO,REGIÓN DE O'HIGGINS,1
2543,69090700,ESCUELA CARLOS DONOSO REBOLLEDO,CHÉPICA,REGIÓN DE O'HIGGINS,1
2417,69080600,ESCUELA CERRILLOS,DOÑIHUE,REGIÓN DE O'HIGGINS,1
2257,69080200,ESCUELA CHACAYES,MACHALÍ,REGIÓN DE O'HIGGINS,1
2652,69091200,ESCUELA CIRUELOS,PICHILEMU,REGIÓN DE O'HIGGINS,1
2642,69091200,ESCUELA COGUIL,PICHILEMU,REGIÓN DE O'HIGGINS,1
2465,62000790,ESCUELA CONCENTRAC. RURAL SERGIO VERDUGO HERRERA,SAN FERNANDO,REGIÓN DE O'HIGGINS,1
2524,62000790,ESCUELA DANY GERMAN GONZALEZ SOTO,PLACILLA,REGIÓN DE O'HIGGINS,1
2275,69081300,ESCUELA DAVID DEL CURTO,REQUÍNOA,REGIÓN DE O'HIGGINS,1
15742,65155139,ESCUELA DE ESTIMUL. DE LENGUAJE CHARLES DARWIN,REQUÍNOA,REGIÓN DE O'HIGGINS,1
16876,65145234,ESCUELA DE LENGUAJE ALUN,PALMILLA,REGIÓN DE O'HIGGINS,1
15715,65155068,ESCUELA DE LENGUAJE CHARLES DARWIN,CHÉPICA,REGIÓN DE O'HIGGINS,1
15751,65155137,ESCUELA DE LENGUAJE CHARLES DARWIN,OLIVAR,REGIÓN DE O'HIGGINS,1
40138,65153485,ESCUELA DE LENGUAJE DIDASKALOS,RANCAGUA,REGIÓN DE O'HIGGINS,1
16861,65158553,ESCUELA DE LENGUAJE DIEGO DUBLE URRUTIA,LITUECHE,REGIÓN DE O'HIGGINS,1
15822,65145577,ESCUELA DE LENGUAJE EL ARCA DE CRISTOBAL,RENGO,REGIÓN DE O'HIGGINS,1
15823,65153252,ESCUELA DE LENGUAJE HAKUNA MATATA,PERALILLO,REGIÓN DE O'HIGGINS,1
40093,65158081,ESCUELA DE LENGUAJE KOALA,CHIMBARONGO,REGIÓN DE O'HIGGINS,1
15729,65154586,ESCUELA DE LENGUAJE MANANTIAL,RANCAGUA,REGIÓN DE O'HIGGINS,1
16877,65151965,ESCUELA DE LENGUAJE NAMASTE,RANCAGUA,REGIÓN DE O'HIGGINS,1
15821,65145967,ESCUELA DE LENGUAJE PUCARA,LAS CABRAS,REGIÓN DE O'HIGGINS,1
15815,65154106,ESCUELA DE LENGUAJE RAYITO DE SOL,RANCAGUA,REGIÓN DE O'HIGGINS,1
15740,65144422,ESCUELA DE LENGUAJE SAN ANDRES,SAN VICENTE,REGIÓN DE O'HIGGINS,1
15698,65153186,ESCUELA DE LENGUAJE SAN IGNACIO,SAN VICENTE,REGIÓN DE O'HIGGINS,1
15825,65155583,ESCUELA DE LENGUAJE SAN JOSE E.I.R.L.,NANCAGUA,REGIÓN DE O'HIGGINS,1
15741,65155895,ESCUELA DE LENGUAJE SANTA MARIA DE LA COMUNA,PLACILLA,REGIÓN DE O'HIGGINS,1
40068,65096765,ESCUELA DE LENGUAJE Y TRAST.DE LA COM.PALABRI,RANCAGUA,REGIÓN DE O'HIGGINS,1
15714,65155079,ESCUELA DE TRASTORNOS DE LA COMUNICACION LA CRUZ,RANCAGUA,REGIÓN DE O'HIGGINS,1
40235,65143911,ESCUELA DE TRASTORNOS DEL LENGUAJE TIA SANDRA,DOÑIHUE,REGIÓN DE O'HIGGINS,1
15663,65155895,ESCUELA DEL LENGUAJE SANTA MARIA,SANTA CRUZ,REGIÓN DE O'HIGGINS,1
2291,69081200,ESCUELA DIFERENCIAL TERESA NARETTO DE NICOLETTI,RENGO,REGIÓN DE O'HIGGINS,1
11261,69091200,ESCUELA DIGNA CAMILO,PICHILEMU,REGIÓN DE O'HIGGINS,1
15770,69091200,ESCUELA DIVINO MAESTRO,PICHILEMU,REGIÓN DE O'HIGGINS,1
15503,71014200,ESCUELA DUENDE MELODIA,RANCAGUA,REGIÓN DE O'HIGGINS,1
2523,62000790,ESCUELA EL AMANECER,PLACILLA,REGIÓN DE O'HIGGINS,1
2336,71015300,ESCUELA EL LIBERTADOR,SAN VICENTE,REGIÓN DE O'HIGGINS,1
15614,69081200,ESCUELA EL NARANJAL,RENGO,REGIÓN DE O'HIGGINS,1
2228,69080500,ESCUELA EL RINCON,MOSTAZAL,REGIÓN DE O'HIGGINS,1
2361,69081100,ESCUELA ENRIQUE SERRANO DE VIALE RIGO,PICHIDEGUA,REGIÓN DE O'HIGGINS,1
15788,65122713,ESCUELA ESP. DE LENG. GIORDANO BRUNO,RANCAGUA,REGIÓN DE O'HIGGINS,1
15838,65153576,ESCUELA ESP. DE LENGUAJE TREMUN,PICHIDEGUA,REGIÓN DE O'HIGGINS,1
40136,65115607,ESCUELA ESP.DE LENGUAJE AMANCAY,REQUÍNOA,REGIÓN DE O'HIGGINS,1
15836,65155558,ESCUELA ESP.DE LENGUAJE COMUNICARTE,RANCAGUA,REGIÓN DE O'HIGGINS,1
15834,65145518,ESCUELA ESP.DE LENGUAJE ENCANTADOS,RANCAGUA,REGIÓN DE O'HIGGINS,1
15852,65126442,ESCUELA ESPECIAL ANGELES,COLTAUCO,REGIÓN DE O'HIGGINS,1
15790,62000790,ESCUELA ESPECIAL AYUDANDO A CRECER,CHIMBARONGO,REGIÓN DE O'HIGGINS,1
15551,71951800,ESCUELA ESPECIAL CRECER,RANCAGUA,REGIÓN DE O'HIGGINS,1
2377,69080900,ESCUELA ESPECIAL DE ADULTOS F Nº 142,PEUMO,REGIÓN DE O'HIGGINS,1
15829,65154774,ESCUELA ESPECIAL DE LENGUAJE ABRAPALABRA,SAN VICENTE,REGIÓN DE O'HIGGINS,1
15717,65151195,ESCUELA ESPECIAL DE LENGUAJE ALCALA,NANCAGUA,REGIÓN DE O'HIGGINS,1
32160,65161384,ESCUELA ESPECIAL DE LENGUAJE ALTAZOR,MOSTAZAL,REGIÓN DE O'HIGGINS,1
15818,65118097,ESCUELA ESPECIAL DE LENGUAJE ALTAZOR,SAN FERNANDO,REGIÓN DE O'HIGGINS,1
20462,65145231,ESCUELA ESPECIAL DE LENGUAJE AMAPOLA,OLIVAR,REGIÓN DE O'HIGGINS,1
40237,65093568,ESCUELA ESPECIAL DE LENGUAJE ANTUPIREN,RENGO,REGIÓN DE O'HIGGINS,1
20454,65094835,ESCUELA ESPECIAL DE LENGUAJE ARBOL,PALMILLA,REGIÓN DE O'HIGGINS,1
20349,65094679,ESCUELA ESPECIAL DE LENGUAJE ARBOL SAGRADO,MACHALÍ,REGIÓN DE O'HIGGINS,1
15853,65144001,ESCUELA ESPECIAL DE LENGUAJE CARRUSEL,RANCAGUA,REGIÓN DE O'HIGGINS,1
15784,65144396,ESCUELA ESPECIAL DE LENGUAJE CODEGUA,CODEGUA,REGIÓN DE O'HIGGINS,1
16869,65145196,ESCUELA ESPECIAL DE LENGUAJE EL CASTILLO DE IGNACIA,RANCAGUA,REGIÓN DE O'HIGGINS,1
20467,65145196,ESCUELA ESPECIAL DE LENGUAJE EL CASTILLO DE VICENTE,RANCAGUA,REGIÓN DE O'HIGGINS,1
40209,65145281,ESCUELA ESPECIAL DE LENGUAJE ELEFANTE MELODIA,SAN FERNANDO,REGIÓN DE O'HIGGINS,1
20375,65146834,ESCUELA ESPECIAL DE LENGUAJE ESMERALDA,RENGO,REGIÓN DE O'HIGGINS,1
40233,65155648,ESCUELA ESPECIAL DE LENGUAJE KAILIN,RANCAGUA,REGIÓN DE O'HIGGINS,1
20325,65155645,ESCUELA ESPECIAL DE LENGUAJE KAILIN URUGUAY,RANCAGUA,REGIÓN DE O'HIGGINS,1
20340,65155875,ESCUELA ESPECIAL DE LENGUAJE LA COLMENA,SAN FERNANDO,REGIÓN DE O'HIGGINS,1
15827,65155652,ESCUELA ESPECIAL DE LENGUAJE LOS ALERCES,RANCAGUA,REGIÓN DE O'HIGGINS,1
40190,65152369,ESCUELA ESPECIAL DE LENGUAJE LOS COLORES,RANCAGUA,REGIÓN DE O'HIGGINS,1
16831,65154465,ESCUELA ESPECIAL DE LENGUAJE MARIA MONTESSORI,PLACILLA,REGIÓN DE O'HIGGINS,1
15856,65145211,ESCUELA ESPECIAL DE LENGUAJE NEWEN,PAREDONES,REGIÓN DE O'HIGGINS,1
15785,65151731,ESCUELA ESPECIAL DE LENGUAJE NUESTRA SRA. DEL ROSARIO,RENGO,REGIÓN DE O'HIGGINS,1
20341,65145541,ESCUELA ESPECIAL DE LENGUAJE PANKULL,MOSTAZAL,REGIÓN DE O'HIGGINS,1
20350,65147766,ESCUELA ESPECIAL DE LENGUAJE PEUMAYEN,SAN FERNANDO,REGIÓN DE O'HIGGINS,1
15789,65154397,ESCUELA ESPECIAL DE LENGUAJE RAICES,MACHALÍ,REGIÓN DE O'HIGGINS,1
15629,65124552,ESCUELA ESPECIAL DE LENGUAJE RAICES DE RANCAGUA,RANCAGUA,REGIÓN DE O'HIGGINS,1
15846,65115842,ESCUELA ESPECIAL DE LENGUAJE REMOLINOS,MARCHIHUE,REGIÓN DE O'HIGGINS,1
15716,65156131,ESCUELA ESPECIAL DE LENGUAJE RUCALHUE,CHIMBARONGO,REGIÓN DE O'HIGGINS,1
15734,65137887,ESCUELA ESPECIAL DE LENGUAJE SAN BENITO,MACHALÍ,REGIÓN DE O'HIGGINS,1
40353,65157852,ESCUELA ESPECIAL DE LENGUAJE SAN ENRIQUE,CHIMBARONGO,REGIÓN DE O'HIGGINS,1
15826,65145058,ESCUELA ESPECIAL DE LENGUAJE SAN EXPEDITO,COLTAUCO,REGIÓN DE O'HIGGINS,1
15798,65154622,ESCUELA ESPECIAL DE LENGUAJE SAN FRANCISCO DE,MALLOA,REGIÓN DE O'HIGGINS,1
15851,65147985,ESCUELA ESPECIAL DE LENGUAJE SAN GABRIEL,SAN VICENTE,REGIÓN DE O'HIGGINS,1
15845,65155583,ESCUELA ESPECIAL DE LENGUAJE SAN JOSE,LOLOL,REGIÓN DE O'HIGGINS,1
16839,65154511,ESCUELA ESPECIAL DE LENGUAJE SAN MARCOS,SAN VICENTE,REGIÓN DE O'HIGGINS,1
40077,76013677,ESCUELA ESPECIAL DE LENGUAJE SANTA GEMITA,RANCAGUA,REGIÓN DE O'HIGGINS,1
40341,65124454,ESCUELA ESPECIAL DE LENGUAJE SEMILLITAS,RANCAGUA,REGIÓN DE O'HIGGINS,1
40315,65127502,ESCUELA ESPECIAL DE LENGUAJE VALLE DE NANCAGU,NANCAGUA,REGIÓN DE O'HIGGINS,1
20331,65154158,ESCUELA ESPECIAL DE LENGUAJE `GENIOS DEL FUTURO`,SAN VICENTE,REGIÓN DE O'HIGGINS,1
15708,69090500,ESCUELA ESPECIAL DE NERQUIHUE,LOLOL,REGIÓN DE O'HIGGINS,1
15780,69081100,ESCUELA ESPECIAL DE PICHIDEGUA,PICHIDEGUA,REGIÓN DE O'HIGGINS,1
2554,69090600,ESCUELA ESPECIAL DE SANTA CRUZ,SANTA CRUZ,REGIÓN DE O'HIGGINS,1
15791,65154878,ESCUELA ESPECIAL DIFERENCIAL SAN ANDRES,PICHILEMU,REGIÓN DE O'HIGGINS,1
15557,82156700,ESCUELA ESPECIAL FRAY AVE MARIA,RANCAGUA,REGIÓN DE O'HIGGINS,1
15831,65158399,ESCUELA ESPECIAL HIRAM,SAN FERNANDO,REGIÓN DE O'HIGGINS,1
15761,65153857,ESCUELA ESPECIAL MADRE MARIA MAZZARELLO,QUINTA DE TILCOCO,REGIÓN DE O'HIGGINS,1
15748,69080500,ESCUELA ESPECIAL MARIA ALICIA PONCE,MOSTAZAL,REGIÓN DE O'HIGGINS,1
20492,65111327,ESCUELA ESPECIAL MASTER EDUCA,CHIMBARONGO,REGIÓN DE O'HIGGINS,1
15805,65137991,ESCUELA ESPECIAL NUEVO AMANECER,GRANEROS,REGIÓN DE O'HIGGINS,1
2328,71015300,ESCUELA ESPECIAL PAULA JARAQUEMADA,SAN VICENTE,REGIÓN DE O'HIGGINS,1
15858,65145065,ESCUELA ESPECIAL SAN EXPEDITO DE RENGO,RENGO,REGIÓN DE O'HIGGINS,1
15804,65115458,ESCUELA ESPECIAL SAN VALENTIN,GRANEROS,REGIÓN DE O'HIGGINS,1
16909,65117126,ESCUELA ESPECIAL TEMAIKEN,GRANEROS,REGIÓN DE O'HIGGINS,1
2548,69090700,ESCUELA ESTRELLA DE DAVID,CHÉPICA,REGIÓN DE O'HIGGINS,1
2236,69080400,ESCUELA EUGENIO GARCIA FERNANDEZ,CODEGUA,REGIÓN DE O'HIGGINS,1
2534,69090700,ESCUELA EUGENIO RUIZ-TAGLE MONTES,CHÉPICA,REGIÓN DE O'HIGGINS,1
40133,69081200,ESCUELA F-187,RENGO,REGIÓN DE O'HIGGINS,1
15724,69081200,ESCUELA FERNANDA AEDO FAUNDEZ,RENGO,REGIÓN DE O'HIGGINS,1
2366,69081100,ESCUELA FERNANDO HUERTA PENA,PICHIDEGUA,REGIÓN DE O'HIGGINS,1
2660,69073800,ESCUELA FRANCISCO CHAVEZ CIFUENTES,NAVIDAD,REGIÓN DE O'HIGGINS,1
2545,69090700,ESCUELA GABRIELA MISTRAL,CHÉPICA,REGIÓN DE O'HIGGINS,1
11277,69080500,ESCUELA GABRIELA MISTRAL,MOSTAZAL,REGIÓN DE O'HIGGINS,1
2557,69090600,ESCUELA GRANJA ADEODATO GARCIA VALENZUELA,SANTA CRUZ,REGIÓN DE O'HIGGINS,1
2297,69081200,ESCUELA GUSTAVO BISQUERTT S.,RENGO,REGIÓN DE O'HIGGINS,1
2627,69091500,ESCUELA GUSTAVO RIVERA BUSTOS,PERALILLO,REGIÓN DE O'HIGGINS,1
2541,69090700,ESCUELA HECTOR RODOLFO CASTILLO MORENO,CHÉPICA,REGIÓN DE O'HIGGINS,1
2207,69080300,ESCUELA HERNAN OLGUIN MAYBE,GRANEROS,REGIÓN DE O'HIGGINS,1
42081,65198651,ESCUELA HOSPITALARIA SANTA CRUZ,SANTA CRUZ,REGIÓN DE O'HIGGINS,1
2324,69081700,ESCUELA JAIME FELDMAN MILLER,QUINTA DE TILCOCO,REGIÓN DE O'HIGGINS,1
2615,69091000,ESCUELA JORGE ERRAZURIZ ECHEÑIQUE,PALMILLA,REGIÓN DE O'HIGGINS,1
2458,62000790,ESCUELA JORGE MUNOZ SILVA,SAN FERNANDO,REGIÓN DE O'HIGGINS,1
2464,62000790,ESCUELA JOSE DE SAN MARTIN,SAN FERNANDO,REGIÓN DE O'HIGGINS,1
2381,69080900,ESCUELA JUAN VALDES ORTUZAR,PEUMO,REGIÓN DE O'HIGGINS,1
2646,69091200,ESCUELA LA AGUADA,PICHILEMU,REGIÓN DE O'HIGGINS,1
2237,69080400,ESCUELA LA CANTERA DE CALLEJONES,CODEGUA,REGIÓN DE O'HIGGINS,1
2558,69090600,ESCUELA LA FINCA,SANTA CRUZ,REGIÓN DE O'HIGGINS,1
2300,69081200,ESCUELA LA ISLA EMMA ESCOBAR DE LAGOS,RENGO,REGIÓN DE O'HIGGINS,1
2284,69081200,ESCUELA LA PAZ,RENGO,REGIÓN DE O'HIGGINS,1
2359,69081100,ESCUELA LARMAHUE,PICHIDEGUA,REGIÓN DE O'HIGGINS,1
2728,69090900,ESCUELA LAS CARMELITAS,PAREDONES,REGIÓN DE O'HIGGINS,1
2352,71015300,ESCUELA LAS PATAGUAS,SAN VICENTE,REGIÓN DE O'HIGGINS,1
2412,69080600,ESCUELA LAURA MATUS MELENDEZ,DOÑIHUE,REGIÓN DE O'HIGGINS,1
2538,69090700,ESCUELA LINDORFO MONTERO FUENZALIDA,CHÉPICA,REGIÓN DE O'HIGGINS,1
2415,69080600,ESCUELA LO MIRANDA,DOÑIHUE,REGIÓN DE O'HIGGINS,1
2722,69090900,ESCUELA LOS COPIHUES DEL CALVARIO,PAREDONES,REGIÓN DE O'HIGGINS,1
2475,69081500,ESCUELA LOS MAQUIS,MALLOA,REGIÓN DE O'HIGGINS,1
2719,69090900,ESCUELA LUIS ARTEMON PEREZ A.,PAREDONES,REGIÓN DE O'HIGGINS,1
2539,69090700,ESCUELA LUIS ARTURO ZUNIGA FUENTES,CHÉPICA,REGIÓN DE O'HIGGINS,1
2537,69090700,ESCUELA LUIS ATHAS,CHÉPICA,REGIÓN DE O'HIGGINS,1
2553,69090600,ESCUELA LUIS OYARZUN PEÑA,SANTA CRUZ,REGIÓN DE O'HIGGINS,1
2542,69090700,ESCUELA LUZ MARIA CRESPO URETA DE KERESTEGIAN,CHÉPICA,REGIÓN DE O'HIGGINS,1
2611,69091000,ESCUELA MARGOT LOYOLA PALACIOS,PALMILLA,REGIÓN DE O'HIGGINS,1
2555,69090600,ESCUELA MARIA ARAYA VALDES,SANTA CRUZ,REGIÓN DE O'HIGGINS,1
2460,62000790,ESCUELA MARIA LUISA BOUCHON,SAN FERNANDO,REGIÓN DE O'HIGGINS,1
2540,69090700,ESCUELA MARIA MARTA DEL REAL CORREA,CHÉPICA,REGIÓN DE O'HIGGINS,1
2307,69081200,ESCUELA MARTA AVARIA SALVATIERRA,RENGO,REGIÓN DE O'HIGGINS,1
2633,69091500,ESCUELA MARTA VALDES ECHEÑIQUE,PERALILLO,REGIÓN DE O'HIGGINS,1
2388,69080700,ESCUELA MUNIC.SBTE LUIS CRUZ MARTINEZ,COLTAUCO,REGIÓN DE O'HIGGINS,1
2507,62000790,ESCUELA MUNICIPAL,CHIMBARONGO,REGIÓN DE O'HIGGINS,1
2717,69090900,ESCUELA MUNICIPAL ALBERTINA VALENZUELA,PAREDONES,REGIÓN DE O'HIGGINS,1
2138,71014200,ESCUELA MUNICIPAL ALBERTO BLEST GANA,RANCAGUA,REGIÓN DE O'HIGGINS,1
2380,69080900,ESCUELA MUNICIPAL ALCALDE G. BURMESTER,PEUMO,REGIÓN DE O'HIGGINS,1
15526,69091300,ESCUELA MUNICIPAL AMERICA,MARCHIHUE,REGIÓN DE O'HIGGINS,1
2140,71014200,ESCUELA MUNICIPAL AUGUSTO D HALMAR,RANCAGUA,REGIÓN DE O'HIGGINS,1
2131,71014200,ESCUELA MUNICIPAL CARLOS MIRANDA MIRANDA,RANCAGUA,REGIÓN DE O'HIGGINS,1
2407,69081600,ESCUELA MUNICIPAL CHILLEHUE,COINCO,REGIÓN DE O'HIGGINS,1
2409,69081600,ESCUELA MUNICIPAL COPEQUEN,COINCO,REGIÓN DE O'HIGGINS,1
2559,69090600,ESCUELA MUNICIPAL DE BARREALES,SANTA CRUZ,REGIÓN DE O'HIGGINS,1
2374,69081100,ESCUELA MUNICIPAL DE CALEUCHE,PICHIDEGUA,REGIÓN DE O'HIGGINS,1
11257,69090800,ESCUELA MUNICIPAL DE COLHUE,PUMANQUE,REGIÓN DE O'HIGGINS,1
2314,69081500,ESCUELA MUNICIPAL DE CORCOLEN,MALLOA,REGIÓN DE O'HIGGINS,1
2566,62000790,ESCUELA MUNICIPAL DE CUNACO,NANCAGUA,REGIÓN DE O'HIGGINS,1
2576,69090600,ESCUELA MUNICIPAL DE GUINDO ALTO,SANTA CRUZ,REGIÓN DE O'HIGGINS,1
2263,69081400,ESCUELA MUNICIPAL DE GULTRO,OLIVAR,REGIÓN DE O'HIGGINS,1
2562,69090600,ESCUELA MUNICIPAL DE ISLA DE YAQUIL,SANTA CRUZ,REGIÓN DE O'HIGGINS,1
2563,69090600,ESCUELA MUNICIPAL DE LA PATAGUA,SANTA CRUZ,REGIÓN DE O'HIGGINS,1
2215,69080300,ESCUELA MUNICIPAL DE LAS HIGUERAS,GRANEROS,REGIÓN DE O'HIGGINS,1
15687,69090600,ESCUELA MUNICIPAL DE LENGUAJE SANTA CRUZ,SANTA CRUZ,REGIÓN DE O'HIGGINS,1
2313,69081500,ESCUELA MUNICIPAL DE LIMAHUE,MALLOA,REGIÓN DE O'HIGGINS,1
2393,69080700,ESCUELA MUNICIPAL DE LO DE CUEVAS,COLTAUCO,REGIÓN DE O'HIGGINS,1
2425,69080800,ESCUELA MUNICIPAL DE LOS AROMOS,LAS CABRAS,REGIÓN DE O'HIGGINS,1
2570,69090600,ESCUELA MUNICIPAL DE LOS MAITENES,SANTA CRUZ,REGIÓN DE O'HIGGINS,1
2603,69090800,ESCUELA MUNICIPAL DE MATA REDONDA,PUMANQUE,REGIÓN DE O'HIGGINS,1
2565,69090600,ESCUELA MUNICIPAL DE MILLAHUE DE APALTA,SANTA CRUZ,REGIÓN DE O'HIGGINS,1
2601,69090800,ESCUELA MUNICIPAL DE NILAHUE CORNEJO,PUMANQUE,REGIÓN DE O'HIGGINS,1
2439,69080800,ESCUELA MUNICIPAL DE PALMERIA,LAS CABRAS,REGIÓN DE O'HIGGINS,1
2609,69090800,ESCUELA MUNICIPAL DE PALMILLA DE RETO,PUMANQUE,REGIÓN DE O'HIGGINS,1
2568,69090600,ESCUELA MUNICIPAL DE PANAMA,SANTA CRUZ,REGIÓN DE O'HIGGINS,1
2556,69090600,ESCUELA MUNICIPAL DE PANIAHUE,SANTA CRUZ,REGIÓN DE O'HIGGINS,1
2312,69081500,ESCUELA MUNICIPAL DE PANQUEHUE,MALLOA,REGIÓN DE O'HIGGINS,1
2318,69081500,ESCUELA MUNICIPAL DE PELEQUEN VIEJO,MALLOA,REGIÓN DE O'HIGGINS,1
2561,69090600,ESCUELA MUNICIPAL DE QUINAHUE,SANTA CRUZ,REGIÓN DE O'HIGGINS,1
2572,69090600,ESCUELA MUNICIPAL DE RINCON DE YAQUIL,SANTA CRUZ,REGIÓN DE O'HIGGINS,1
2607,69090800,ESCUELA MUNICIPAL DE RINCON LOS PERALES,PUMANQUE,REGIÓN DE O'HIGGINS,1
2396,69080700,ESCUELA MUNICIPAL DE RINCONADA DE IDAHUE,COLTAUCO,REGIÓN DE O'HIGGINS,1
2363,69081100,ESCUELA MUNICIPAL DE SAN ROBERTO,PICHIDEGUA,REGIÓN DE O'HIGGINS,1
2436,69080800,ESCUELA MUNICIPAL DE SANTA EUGENIA,LAS CABRAS,REGIÓN DE O'HIGGINS,1
2212,69080300,ESCUELA MUNICIPAL DE TUNICHE,GRANEROS,REGIÓN DE O'HIGGINS,1
2395,69080700,ESCUELA MUNICIPAL DE VINA LA CRUZ,COLTAUCO,REGIÓN DE O'HIGGINS,1
2488,62000790,ESCUELA MUNICIPAL E-456,CHIMBARONGO,REGIÓN DE O'HIGGINS,1
2592,69090500,ESCUELA MUNICIPAL EDUVIGIS PANTOJA L,LOLOL,REGIÓN DE O'HIGGINS,1
2724,69090900,ESCUELA MUNICIPAL EL CARDAL,PAREDONES,REGIÓN DE O'HIGGINS,1
2122,71014200,ESCUELA MUNICIPAL EL COBRE,RANCAGUA,REGIÓN DE O'HIGGINS,1
2661,69073800,ESCUELA MUNICIPAL EL MANZANO,NAVIDAD,REGIÓN DE O'HIGGINS,1
2498,62000790,ESCUELA MUNICIPAL EL ROMERAL F-455,CHIMBARONGO,REGIÓN DE O'HIGGINS,1
2410,69081600,ESCUELA MUNICIPAL EL RULO,COINCO,REGIÓN DE O'HIGGINS,1
2372,69081100,ESCUELA MUNICIPAL EL SALTO,PICHIDEGUA,REGIÓN DE O'HIGGINS,1
2703,69091300,ESCUELA MUNICIPAL EL SAUCE,MARCHIHUE,REGIÓN DE O'HIGGINS,1
2727,69090900,ESCUELA MUNICIPAL ESMERALDA,PAREDONES,REGIÓN DE O'HIGGINS,1
2492,62000790,ESCUELA MUNICIPAL F415 LO GONZALEZ,CHIMBARONGO,REGIÓN DE O'HIGGINS,1
2494,62000790,ESCUELA MUNICIPAL F449 PEOR ES NADA,CHIMBARONGO,REGIÓN DE O'HIGGINS,1
2495,62000790,ESCUELA MUNICIPAL F451 CODEGUA,CHIMBARONGO,REGIÓN DE O'HIGGINS,1
2496,62000790,ESCUELA MUNICIPAL F452 SANTA VALENTINA,CHIMBARONGO,REGIÓN DE O'HIGGINS,1
2500,62000790,ESCUELA MUNICIPAL G414 BARRIO ESTACION,CHIMBARONGO,REGIÓN DE O'HIGGINS,1
2505,62000790,ESCUELA MUNICIPAL G448 HUEMUL,CHIMBARONGO,REGIÓN DE O'HIGGINS,1
2506,62000790,ESCUELA MUNICIPAL G453 SAN JOSE DE LO TORO,CHIMBARONGO,REGIÓN DE O'HIGGINS,1
2698,69091400,ESCUELA MUNICIPAL GUADALAO,LA ESTRELLA,REGIÓN DE O'HIGGINS,1
2143,71014200,ESCUELA MUNICIPAL HERMANOS CARRERA,RANCAGUA,REGIÓN DE O'HIGGINS,1
2136,71014200,ESCUELA MUNICIPAL ISABEL RIQUELME,RANCAGUA,REGIÓN DE O'HIGGINS,1
2147,71014200,ESCUELA MUNICIPAL J.M. BALMACEDA,RANCAGUA,REGIÓN DE O'HIGGINS,1
2135,71014200,ESCUELA MUNICIPAL JEAN PIAGET,RANCAGUA,REGIÓN DE O'HIGGINS,1
2394,69080700,ESCUELA MUNICIPAL JOSEFINA VIAL DE VIAL,COLTAUCO,REGIÓN DE O'HIGGINS,1
2591,69090500,ESCUELA MUNICIPAL JUANA GONZALEZ,LOLOL,REGIÓN DE O'HIGGINS,1
2700,69091400,ESCUELA MUNICIPAL LA AGUADA,LA ESTRELLA,REGIÓN DE O'HIGGINS,1
2666,69073800,ESCUELA MUNICIPAL LA BOCA DE RAPEL,NAVIDAD,REGIÓN DE O'HIGGINS,1
2520,62000790,ESCUELA MUNICIPAL LA DEHESA,PLACILLA,REGIÓN DE O'HIGGINS,1
2702,69091300,ESCUELA MUNICIPAL LA QUEBRADA,MARCHIHUE,REGIÓN DE O'HIGGINS,1
2521,62000790,ESCUELA MUNICIPAL LA TUNA,PLACILLA,REGIÓN DE O'HIGGINS,1
2513,62000790,ESCUELA MUNICIPAL LAS MERCEDES G-507,CHIMBARONGO,REGIÓN DE O'HIGGINS,1
2491,62000790,ESCUELA MUNICIPAL LAS QUEZADAS F-413,CHIMBARONGO,REGIÓN DE O'HIGGINS,1
2624,69091000,ESCUELA MUNICIPAL LIHUEIMO,PALMILLA,REGIÓN DE O'HIGGINS,1
2706,69091300,ESCUELA MUNICIPAL LO MARCHANT,MARCHIHUE,REGIÓN DE O'HIGGINS,1
2725,69090900,ESCUELA MUNICIPAL LO VALDIVIA,PAREDONES,REGIÓN DE O'HIGGINS,1
2723,69090900,ESCUELA MUNICIPAL LOS BRIONES,PAREDONES,REGIÓN DE O'HIGGINS,1
2427,69080800,ESCUELA MUNICIPAL MAESTRO JORGE LOPEZ OSORIO,LAS CABRAS,REGIÓN DE O'HIGGINS,1
2692,69091100,ESCUELA MUNICIPAL MANQUEHUA,LITUECHE,REGIÓN DE O'HIGGINS,1
2119,71014200,ESCUELA MUNICIPAL MANUEL RODRIGUEZ,RANCAGUA,REGIÓN DE O'HIGGINS,1
2114,71014200,ESCUELA MUNICIPAL MARCELA PAZ,RANCAGUA,REGIÓN DE O'HIGGINS,1
2678,69073800,ESCUELA MUNICIPAL MARIA WILLIAMS,NAVIDAD,REGIÓN DE O'HIGGINS,1
2145,71014200,ESCUELA MUNICIPAL MARTA BRUNET,RANCAGUA,REGIÓN DE O'HIGGINS,1
2685,69091100,ESCUELA MUNICIPAL MATANCILLA,LITUECHE,REGIÓN DE O'HIGGINS,1
2120,71014200,ESCUELA MUNICIPAL MINERAL EL TENIENTE,RANCAGUA,REGIÓN DE O'HIGGINS,1
2112,71014200,ESCUELA MUNICIPAL MOISES MUSSA,RANCAGUA,REGIÓN DE O'HIGGINS,1
2707,69091300,ESCUELA MUNICIPAL NOBELES DE CHILE,MARCHIHUE,REGIÓN DE O'HIGGINS,1
2387,69080700,ESCUELA MUNICIPAL OSVALDO RUIZ GARCIA,COLTAUCO,REGIÓN DE O'HIGGINS,1
2673,69073800,ESCUELA MUNICIPAL PADRE ALBERTO HURTADO,NAVIDAD,REGIÓN DE O'HIGGINS,1
2708,69091300,ESCUELA MUNICIPAL PAILIMO,MARCHIHUE,REGIÓN DE O'HIGGINS,1
2687,69091100,ESCUELA MUNICIPAL PASO DEL SOLDADO,LITUECHE,REGIÓN DE O'HIGGINS,1
2132,71014200,ESCUELA MUNICIPAL PATRICIO MEKIS,RANCAGUA,REGIÓN DE O'HIGGINS,1
2686,69091100,ESCUELA MUNICIPAL PULIN,LITUECHE,REGIÓN DE O'HIGGINS,1
2682,69091100,ESCUELA MUNICIPAL QUELENTARO,LITUECHE,REGIÓN DE O'HIGGINS,1
2334,71015300,ESCUELA MUNICIPAL RASTROJOS,SAN VICENTE,REGIÓN DE O'HIGGINS,1
2115,71014200,ESCUELA MUNICIPAL RENE SCHNEIDER CHEREAU,RANCAGUA,REGIÓN DE O'HIGGINS,1
2590,69090500,ESCUELA MUNICIPAL RINCONADA DE QUIAHUE,LOLOL,REGIÓN DE O'HIGGINS,1
2711,69091300,ESCUELA MUNICIPAL SAN MIGUEL VILUCO,MARCHIHUE,REGIÓN DE O'HIGGINS,1
2716,69090900,ESCUELA MUNICIPAL SAN PEDRO DE ALCANTARA,PAREDONES,REGIÓN DE O'HIGGINS,1
2268,69081300,ESCUELA MUNICIPAL SANTA AMALIA,REQUÍNOA,REGIÓN DE O'HIGGINS,1
2509,62000790,ESCUELA MUNICIPAL SANTA ISABEL G-503,CHIMBARONGO,REGIÓN DE O'HIGGINS,1
2613,69091000,ESCUELA MUNICIPAL SANTA MATILDE,PALMILLA,REGIÓN DE O'HIGGINS,1
2629,69091500,ESCUELA MUNICIPAL SARA RAVELLO PARRAGUEZ,PERALILLO,REGIÓN DE O'HIGGINS,1
2522,62000790,ESCUELA MUNICIPAL SN LUIS DE MANANTIALES,PLACILLA,REGIÓN DE O'HIGGINS,1
2271,69081300,ESCUELA MUNICIPAL SUECIA,REQUÍNOA,REGIÓN DE O'HIGGINS,1
2490,62000790,ESCUELA MUNICIPAL TINGUIRIRICA ALTO F-411,CHIMBARONGO,REGIÓN DE O'HIGGINS,1
2343,71015300,ESCUELA MUNICIPAL TOQUIHUA,SAN VICENTE,REGIÓN DE O'HIGGINS,1
2622,69091000,ESCUELA MUNICIPAL VALLE HERMOSO,PALMILLA,REGIÓN DE O'HIGGINS,1
2210,69080300,ESCUELA MUNICIPAL VILLA LA COMPANIA,GRANEROS,REGIÓN DE O'HIGGINS,1
2637,69090900,ESCUELA MUNICIPAL VILLA SAN PEDRO,PAREDONES,REGIÓN DE O'HIGGINS,1
2432,69080800,ESCUELA MUNICIPAL VILMA ALIAGA CALDERON,LAS CABRAS,REGIÓN DE O'HIGGINS,1
2348,71015300,ESCUELA MUNICIPAL VINA TAGUA TAGUA,SAN VICENTE,REGIÓN DE O'HIGGINS,1
2139,71014200,ESCUELA MUNICIPAL VIRGINIA BRAVO,RANCAGUA,REGIÓN DE O'HIGGINS,1
2529,62000790,ESCUELA MUNICIPAL YAQUIL,NANCAGUA,REGIÓN DE O'HIGGINS,1
2339,71015300,ESCUELA MUNICIPAL ZUNIGA,SAN VICENTE,REGIÓN DE O'HIGGINS,1
2264,69081400,ESCUELA NUESTRA SRA. DE LA MERCED,OLIVAR,REGIÓN DE O'HIGGINS,1
2584,69090500,ESCUELA OCTAVIO MUJICA VALENZUELA,LOLOL,REGIÓN DE O'HIGGINS,1
2456,62000790,ESCUELA OLEGARIO LAZO BAEZA,SAN FERNANDO,REGIÓN DE O'HIGGINS,1
2424,69080800,ESCUELA OSVALDO CORREA FUENZALIDA,LAS CABRAS,REGIÓN DE O'HIGGINS,1
2634,69091500,ESCUELA PABLO NERUDA,PERALILLO,REGIÓN DE O'HIGGINS,1
2643,69091200,ESCUELA PADRE ALBERTO HURTADO C.,PICHILEMU,REGIÓN DE O'HIGGINS,1
2386,65044065,ESCUELA PART. LUIS GARCIA DE LA HUERTA,PEUMO,REGIÓN DE O'HIGGINS,1
2184,65156326,ESCUELA PARTICULAR BUEN PASTOR,RANCAGUA,REGIÓN DE O'HIGGINS,1
2160,70403800,ESCUELA PARTICULAR JULIO VALENZUELA,RANCAGUA,REGIÓN DE O'HIGGINS,1
2517,70612700,ESCUELA PARTICULAR MELECIA TOCORNAL,CHIMBARONGO,REGIÓN DE O'HIGGINS,1
2178,65155922,ESCUELA PARTICULAR SAINT PAUL COLLEGE,RANCAGUA,REGIÓN DE O'HIGGINS,1
2258,65094862,ESCUELA PARTICULAR SAN LORENZO,MACHALÍ,REGIÓN DE O'HIGGINS,1
15608,62000790,ESCUELA PEDRO MORALES BARRERA,SAN FERNANDO,REGIÓN DE O'HIGGINS,1
2311,69081500,ESCUELA PELEQUEN,MALLOA,REGIÓN DE O'HIGGINS,1
2604,69090800,ESCUELA PENABLANCA,PUMANQUE,REGIÓN DE O'HIGGINS,1
2420,69080600,ESCUELA PLAZUELA,DOÑIHUE,REGIÓN DE O'HIGGINS,1
2694,69091400,ESCUELA PROF. MONICA SILVA GOMEZ,LA ESTRELLA,REGIÓN DE O'HIGGINS,1
2636,69091200,ESCUELA PUEBLO DE VIUDAS,PICHILEMU,REGIÓN DE O'HIGGINS,1
15569,69073800,ESCUELA PUERTECILLO,NAVIDAD,REGIÓN DE O'HIGGINS,1
2621,69091000,ESCUELA REBECA CADIZ VALENZUELA,PALMILLA,REGIÓN DE O'HIGGINS,1
2364,69081100,ESCUELA REINO DE DINAMARCA,PICHIDEGUA,REGIÓN DE O'HIGGINS,1
2704,69091300,ESCUELA RENÉ CARVAJAL MADARIAGA,MARCHIHUE,REGIÓN DE O'HIGGINS,1
2289,69081200,ESCUELA REPUBLICA DE ALEMANIA,RENGO,REGIÓN DE O'HIGGINS,1
2428,69080800,ESCUELA REPUBLICA DE GRECIA,LAS CABRAS,REGIÓN DE O'HIGGINS,1
2322,71015300,ESCUELA RURAL LA VINILLA,SAN VICENTE,REGIÓN DE O'HIGGINS,1
2350,71015300,ESCUELA SAN ALBERTO DE IDAHUE,SAN VICENTE,REGIÓN DE O'HIGGINS,1
2721,69090900,ESCUELA SANTA ANA DE LA POBLACION,PAREDONES,REGIÓN DE O'HIGGINS,1
2508,62000790,ESCUELA SANTA EUGENIA,CHIMBARONGO,REGIÓN DE O'HIGGINS,1
15535,69081200,ESCUELA SANTA TERESA DE AVILA,RENGO,REGIÓN DE O'HIGGINS,1
2206,69080300,ESCUELA SIXTO MENDEZ PARADA,GRANEROS,REGIÓN DE O'HIGGINS,1
2398,69080700,ESCUELA SUBTTE. ARTURO PEREZ CANTO,COLTAUCO,REGIÓN DE O'HIGGINS,1
2437,69080800,ESCUELA TENIENTE HERNAN MERINO CORREA,LAS CABRAS,REGIÓN DE O'HIGGINS,1
15738,65155067,ESCUELA TRAST. DE LA COMUNIC. NUESTRA SRA. DEL PILAR,RENGO,REGIÓN DE O'HIGGINS,1
15736,65155067,ESCUELA TRAST. DE LA COMUNIC. SANTA ROSA DE PELEQUEN,MALLOA,REGIÓN DE O'HIGGINS,1
2705,69091300,ESCUELA TRINIDAD,MARCHIHUE,REGIÓN DE O'HIGGINS,1
2714,69090900,ESCUELA UNION DE MUJERES AMERICANAS,PAREDONES,REGIÓN DE O'HIGGINS,1
2292,69081200,ESCUELA VICENTE HUIDOBRO,RENGO,REGIÓN DE O'HIGGINS,1
2461,62000790,ESCUELA VILLA CENTINELA,SAN FERNANDO,REGIÓN DE O'HIGGINS,1
2462,62000790,ESCUELA WASHINGTON OMAR VENEGAS,SAN FERNANDO,REGIÓN DE O'HIGGINS,1
2482,65179160,FUNDACION EDUCACIONAL INSTITUTO SAN FERNANDO,SAN FERNANDO,REGIÓN DE O'HIGGINS,1
2444,62000790,INSTITUTO COMERCIAL ALBERTO VALENZUELA LLANOS DE SAN FERNANDO,SAN FERNANDO,REGIÓN DE O'HIGGINS,1
15643,65155036,INSTITUTO CRISTIANO EDUMASTER COLLEGE,RANCAGUA,REGIÓN DE O'HIGGINS,1
15854,65155704,INSTITUTO DE EDUCACION DE ADULTO SAN ANDRES,RANCAGUA,REGIÓN DE O'HIGGINS,1
15848,65125829,INSTITUTO FERMIN VIVACETA,SAN FERNANDO,REGIÓN DE O'HIGGINS,1
15684,65146851,INSTITUTO HANS CHRISTIAN ANDERSEN,SAN FERNANDO,REGIÓN DE O'HIGGINS,1
2194,70019780,INSTITUTO INGLES RANCAGUA,RANCAGUA,REGIÓN DE O'HIGGINS,1
2244,65156227,INSTITUTO LAUTARO DE CODEGUA,CODEGUA,REGIÓN DE O'HIGGINS,1
15502,65155334,INSTITUTO MONSENOR LECAROS,COLTAUCO,REGIÓN DE O'HIGGINS,1
2200,75978360,INSTITUTO O´HIGGINS,RANCAGUA,REGIÓN DE O'HIGGINS,1
20330,65155765,INSTITUTO RAILEF,PICHILEMU,REGIÓN DE O'HIGGINS,1
2166,65154823,INSTITUTO REGIONAL DE EDUCACION,RANCAGUA,REGIÓN DE O'HIGGINS,1
2579,65143582,INSTITUTO REGIONAL FEDERICO ERRAZURIZ,SANTA CRUZ,REGIÓN DE O'HIGGINS,1
2150,82189200,INSTITUTO SAGRADO CORAZON,RANCAGUA,REGIÓN DE O'HIGGINS,1
15662,65158797,INSTITUTO SAN LORENZO,RANCAGUA,REGIÓN DE O'HIGGINS,1
15596,71015300,INSTITUTO SAN VICENTE DE TAGUA TAGUA,SAN VICENTE,REGIÓN DE O'HIGGINS,1
15646,65115126,INSTITUTO SANTA TERESA DE LOS ANDES,GRANEROS,REGIÓN DE O'HIGGINS,1
2167,65159473,INSTITUTO SEWELL,RANCAGUA,REGIÓN DE O'HIGGINS,1
2123,71014200,INSTITUTO TECNOLOGICO MINERO BERNARDO OHIGGINS,RANCAGUA,REGIÓN DE O'HIGGINS,1
20521,76133094,JARDIN INFANTIL ALMINAR,SAN FERNANDO,REGIÓN DE O'HIGGINS,1
40020,65145624,JARDIN INFANTIL ARCO IRIS,RANCAGUA,REGIÓN DE O'HIGGINS,1
41285,70574900,JARDIN INFANTIL ARCOIRIS DEL HOSPITAL REGIONAL,RANCAGUA,REGIÓN DE O'HIGGINS,1
15595,,JARDIN INFANTIL ARDILLITA,RANCAGUA,REGIÓN DE O'HIGGINS,1
15679,,JARDIN INFANTIL AVENTURAS MAGICAS,GRANEROS,REGIÓN DE O'HIGGINS,1
15598,65124296,JARDIN INFANTIL COLORIN COLORADO,RANCAGUA,REGIÓN DE O'HIGGINS,1
41448,76593971,JARDIN INFANTIL CRECER,RANCAGUA,REGIÓN DE O'HIGGINS,1
15669,,JARDIN INFANTIL DIVINA PROVIDENCIA DE JESUS,SAN FERNANDO,REGIÓN DE O'HIGGINS,1
40234,65116291,JARDIN INFANTIL EBEN EZER EIRL,RANCAGUA,REGIÓN DE O'HIGGINS,1
2358,65155776,JARDIN INFANTIL EL PRINCIPITO VALIENTE,SAN VICENTE,REGIÓN DE O'HIGGINS,1
15609,76121807,JARDIN INFANTIL EL TRIGAL,RENGO,REGIÓN DE O'HIGGINS,1
15694,65156047,JARDIN INFANTIL GENTE CHICA,RANCAGUA,REGIÓN DE O'HIGGINS,1
15677,78351960,JARDIN INFANTIL GIRASOLES INTERACTIVOS,RANCAGUA,REGIÓN DE O'HIGGINS,1
15801,76134502,JARDIN INFANTIL INMACULADA CONCEPCION,RANCAGUA,REGIÓN DE O'HIGGINS,1
15695,,JARDIN INFANTIL MELODY,RANCAGUA,REGIÓN DE O'HIGGINS,1
15814,76072487,JARDIN INFANTIL MI CASITA EN EL BOSQUE,RANCAGUA,REGIÓN DE O'HIGGINS,1
15546,,JARDIN INFANTIL MI GRANJA,SAN FERNANDO,REGIÓN DE O'HIGGINS,1
15786,65126304,JARDIN INFANTIL MIS TESORITOS PUFFI,RANCAGUA,REGIÓN DE O'HIGGINS,1
40191,76029106,JARDIN INFANTIL MONTESSORI SAN ANDRES,SANTA CRUZ,REGIÓN DE O'HIGGINS,1
41746,77091878,JARDIN INFANTIL MONTESSORI SAN ANDRÉS ACONCAGUA,SANTA CRUZ,REGIÓN DE O'HIGGINS,1
15531,65155053,JARDIN INFANTIL MUNDO FELIZ,SAN VICENTE,REGIÓN DE O'HIGGINS,1
40105,76015356,JARDIN INFANTIL MUNDO PEQUEÑO,RANCAGUA,REGIÓN DE O'HIGGINS,1
15561,,JARDIN INFANTIL PASCUALITA,RANCAGUA,REGIÓN DE O'HIGGINS,1
41239,65165441,JARDIN INFANTIL PEQUEÑOS EXPLORADORES,RANCAGUA,REGIÓN DE O'HIGGINS,1
15844,65156078,JARDIN INFANTIL PEQUEÑOS GIGANTES,RANCAGUA,REGIÓN DE O'HIGGINS,1
15795,65115614,JARDIN INFANTIL PEQUITAS,RANCAGUA,REGIÓN DE O'HIGGINS,1
31235,76539126,JARDIN INFANTIL PEUMAYEN SAN FERNANDO,SAN FERNANDO,REGIÓN DE O'HIGGINS,1
31318,65143647,JARDIN INFANTIL QUERUBINES,MACHALÍ,REGIÓN DE O'HIGGINS,1
40337,76071143,JARDIN INFANTIL SAINT FRANCIS,RANCAGUA,REGIÓN DE O'HIGGINS,1
42237,77885630,JARDIN INFANTIL SAINT PATRICK,RANCAGUA,REGIÓN DE O'HIGGINS,1
15628,65115012,JARDIN INFANTIL SAN FRANCISCO,RANCAGUA,REGIÓN DE O'HIGGINS,1
15806,65092993,JARDIN INFANTIL SEMILLITA CANELO,RANCAGUA,REGIÓN DE O'HIGGINS,1
15842,65096447,JARDIN INFANTIL SEMILLITA DE SABIDURIA,RANCAGUA,REGIÓN DE O'HIGGINS,1
15803,,JARDIN INFANTIL TABANCURA,RANCAGUA,REGIÓN DE O'HIGGINS,1
42295,77826315,JARDIN INFANTIL TAPU,RANCAGUA,REGIÓN DE O'HIGGINS,1
15696,65144582,JARDIN INFANTIL TIA MONICA,RANCAGUA,REGIÓN DE O'HIGGINS,1
15518,61101006,JARDIN INFANTIL TOPO GIGIO,SAN FERNANDO,REGIÓN DE O'HIGGINS,1
31317,76724212,JARDIN INFANTIL WENTEMIL MONTESSORI,MACHALÍ,REGIÓN DE O'HIGGINS,1
42030,69080200,JARDIN INFANTIL Y SALA CUNA EL MAITEN,MACHALÍ,REGIÓN DE O'HIGGINS,1
42144,69081100,JARDIN INFANTIL Y SALA CUNA FRUTITOS DEL CAMPO,PICHIDEGUA,REGIÓN DE O'HIGGINS,1
42033,69081300,JARDIN INFANTIL Y SALA CUNA PEQUEÑOS TESOROS,REQUÍNOA,REGIÓN DE O'HIGGINS,1
41653,77070589,JARDIN INFANTIL Y SALA CUNA SNOOPY,SAN FERNANDO,REGIÓN DE O'HIGGINS,1
41842,77172374,JARDÍN INFANTIL Y SALA CUNA PEQUEÑO GIRASOL,MACHALÍ,REGIÓN DE O'HIGGINS,1
42222,69081100,JARDÍN INFANTIL Y SALA CUNA RAYITO DE SOL,PICHIDEGUA,REGIÓN DE O'HIGGINS,1
2485,65044735,LICEO AGRICOLA EL CARMEN,SAN FERNANDO,REGIÓN DE O'HIGGINS,1
2635,69091200,LICEO AGUSTIN ROSS EDWARDS,PICHILEMU,REGIÓN DE O'HIGGINS,1
11287,69080700,LICEO BERTA ZAMORANO LIZANA,COLTAUCO,REGIÓN DE O'HIGGINS,1
2104,71014200,LICEO BICENTENARIO COMERCIAL DIEGO PORTALES,RANCAGUA,REGIÓN DE O'HIGGINS,1
2222,69080500,LICEO BICENTENARIO DE EXCELENCIA ALBERTO HURTADO,MOSTAZAL,REGIÓN DE O'HIGGINS,1
2280,69081200,LICEO BICENTENARIO DE EXCELENCIA TOMÁS MARÍN DE POVEDA,RENGO,REGIÓN DE O'HIGGINS,1
2681,69091100,LICEO BICENTENARIO EL ROSARIO,LITUECHE,REGIÓN DE O'HIGGINS,1
2103,60911000,LICEO BICENTENARIO INDUSTRIAL PRESIDENTE PEDRO AGUIRRE,RANCAGUA,REGIÓN DE O'HIGGINS,1
2552,69090600,LICEO BICENTENARIO INSTITUTO POLITECNICO SANTA CRUZ,SANTA CRUZ,REGIÓN DE O'HIGGINS,1
2375,69081100,LICEO BICENTENARIO LATINOAMERICANO DE PICHIDEGUA,PICHIDEGUA,REGIÓN DE O'HIGGINS,1
2625,69091500,LICEO BICENTENARIO VICTOR JARA MARTINEZ,PERALILLO,REGIÓN DE O'HIGGINS,1
2411,69080600,LICEO CLAUDIO ARRAU LEON,DOÑIHUE,REGIÓN DE O'HIGGINS,1
2134,71014200,LICEO COMERCIAL JORGE ALESSANDRI R.,RANCAGUA,REGIÓN DE O'HIGGINS,1
2447,62000790,LICEO DE HOMBRES NEANDRO SCHILLING,SAN FERNANDO,REGIÓN DE O'HIGGINS,1
2583,69090500,LICEO DE LOLOL,LOLOL,REGIÓN DE O'HIGGINS,1
2109,71014200,LICEO DE NIÑAS DE RANCAGUA,RANCAGUA,REGIÓN DE O'HIGGINS,1
2448,62000790,LICEO EDUARDO CHARME,SAN FERNANDO,REGIÓN DE O'HIGGINS,1
11246,69081200,LICEO ELISA ESCOBEDO LA PAZ,RENGO,REGIÓN DE O'HIGGINS,1
2224,69080500,LICEO ELVIRA SANCHEZ DE GARCES,MOSTAZAL,REGIÓN DE O'HIGGINS,1
40080,69090700,LICEO FERMIN DEL REAL CASTILLO,CHÉPICA,REGIÓN DE O'HIGGINS,1
2599,69090800,LICEO FRANCISCA DE PAULA SEGURA Y RUIZ,PUMANQUE,REGIÓN DE O'HIGGINS,1
2422,69080800,LICEO FRANCISCO ANTONIO ENCINA ARMANET,LAS CABRAS,REGIÓN DE O'HIGGINS,1
11286,62000790,LICEO HERIBERTO SOTO SOTO,SAN FERNANDO,REGIÓN DE O'HIGGINS,1
2329,71015300,LICEO IGNACIO CARRERA PINTO,SAN VICENTE,REGIÓN DE O'HIGGINS,1
2443,70729100,LICEO INDUSTRIAL DE SAN FERNANDO,SAN FERNANDO,REGIÓN DE O'HIGGINS,1
2105,70417500,LICEO INDUSTRIAL ERNESTO PINTO LAGARRIGUE,RANCAGUA,REGIÓN DE O'HIGGINS,1
15843,69081200,LICEO INDUSTRIAL ESTEBAN LEYTON SOTO,RENGO,REGIÓN DE O'HIGGINS,1
15665,69080300,LICEO INTEGRADO DE ADULTOS,GRANEROS,REGIÓN DE O'HIGGINS,1
2124,71014200,LICEO INTEGRADO LIBERTADOR SIMÓN BOLIVAR,RANCAGUA,REGIÓN DE O'HIGGINS,1
2378,69080900,LICEO JEAN BUCHANAN DE LARRAIN,PEUMO,REGIÓN DE O'HIGGINS,1
2453,65156033,LICEO JOSÉ GREGORIO ARGOMEDO,SAN FERNANDO,REGIÓN DE O'HIGGINS,1
2283,69081200,LICEO LUIS URBINA FLORES,RENGO,REGIÓN DE O'HIGGINS,1
15759,69080200,LICEO MACHALI,MACHALÍ,REGIÓN DE O'HIGGINS,1
2580,70083600,LICEO MARIA AUXILIADORA,SANTA CRUZ,REGIÓN DE O'HIGGINS,1
15808,69090900,LICEO MIRELLA CATALAN URZUA,PAREDONES,REGIÓN DE O'HIGGINS,1
2486,62000790,LICEO MUNICIPAL COMPLEJO EDUC. CHIMBARONGO,CHIMBARONGO,REGIÓN DE O'HIGGINS,1
15574,69090600,LICEO MUNICIPAL DE ADULTOS SANTA CRUZ,SANTA CRUZ,REGIÓN DE O'HIGGINS,1
15781,69080400,LICEO MUNICIPAL DE CODEGUA,CODEGUA,REGIÓN DE O'HIGGINS,1
2551,69090600,LICEO MUNICIPAL DE SANTA CRUZ,SANTA CRUZ,REGIÓN DE O'HIGGINS,1
2701,69091300,LICEO MUNICIPAL INSTITUTO CARDENAL CARO,MARCHIHUE,REGIÓN DE O'HIGGINS,1
2111,71014200,LICEO MUNICIPAL JOSE VICTORINO LASTARRIA,RANCAGUA,REGIÓN DE O'HIGGINS,1
2530,62000790,LICEO MUNICIPAL JUAN PABLO II,NANCAGUA,REGIÓN DE O'HIGGINS,1
2406,69081600,LICEO MUNICIPAL LUIS GREGORIO VALENZUELA LAVIN,COINCO,REGIÓN DE O'HIGGINS,1
2110,71014200,LICEO MUNICIPAL OSCAR CASTRO ZUNIGA,RANCAGUA,REGIÓN DE O'HIGGINS,1
2657,69073800,LICEO MUNICIPAL PABLO NERUDA,NAVIDAD,REGIÓN DE O'HIGGINS,1
15720,69081500,LICEO MUNICIPAL ZOILA ROSA CARRENO,MALLOA,REGIÓN DE O'HIGGINS,1
40114,69081200,LICEO ORIENTE,RENGO,REGIÓN DE O'HIGGINS,1
15722,65157721,LICEO PARTICULAR CARDENAL RAUL SILVA HENRIQUE,NANCAGUA,REGIÓN DE O'HIGGINS,1
2205,69080300,LICEO PROFESOR MISAEL LOBOS MONROY,GRANEROS,REGIÓN DE O'HIGGINS,1
2319,69081700,LICEO REPUBLICA DE ITALIA,QUINTA DE TILCOCO,REGIÓN DE O'HIGGINS,1
40025,69081300,LICEO REQUINOA,REQUÍNOA,REGIÓN DE O'HIGGINS,1
2518,62000790,LICEO SAN FRANCISCO,PLACILLA,REGIÓN DE O'HIGGINS,1
2278,65076778,LICEO SAN JOSE DE REQUINOA,REQUÍNOA,REGIÓN DE O'HIGGINS,1
2612,69091000,LICEO SAN JOSE DEL CARMEN,PALMILLA,REGIÓN DE O'HIGGINS,1
2102,71499900,LICEO TECNICO A-4,RANCAGUA,REGIÓN DE O'HIGGINS,1
2442,71499900,LICEO TECNICO BICENTENARIO FELISA TOLUP,SAN FERNANDO,REGIÓN DE O'HIGGINS,1
40024,69081400,LICEO TECNICO MUNICIPAL JUAN HOPPE GANTZ,OLIVAR,REGIÓN DE O'HIGGINS,1
15583,71015300,LICEO TECNICO PROFESIONAL EL TAMBO,SAN VICENTE,REGIÓN DE O'HIGGINS,1
15775,65145394,LICEO TECNICO PROFESIONAL SANTA ROSA,RANCAGUA,REGIÓN DE O'HIGGINS,1
15769,71014200,LICEO TÉCNICO SANTA CRUZ DE TRIANA,RANCAGUA,REGIÓN DE O'HIGGINS,1
15809,65115171,OLIVAR COLLEGE,OLIVAR,REGIÓN DE O'HIGGINS,1
2248,69080200,PARVULARIO GRAL. O. BONILLA,MACHALÍ,REGIÓN DE O'HIGGINS,1
15588,65117502,ROSARIO COLLEGE,RENGO,REGIÓN DE O'HIGGINS,1
15746,65156054,SAINT MORITZ COLLEGE,RANCAGUA,REGIÓN DE O'HIGGINS,1
42132,69090700,SALA CUNA CARIÑOSITOS,CHÉPICA,REGIÓN DE O'HIGGINS,1
42034,69081300,SALA CUNA LAS POLILLITAS,REQUÍNOA,REGIÓN DE O'HIGGINS,1
42285,69091300,SALA CUNA Y JARDIN INFANTIL FRUTILLITAS,MARCHIHUE,REGIÓN DE O'HIGGINS,1
42063,69080800,SALA CUNA Y JARDIN INFANTIL GIRASOL,LAS CABRAS,REGIÓN DE O'HIGGINS,1
42236,69080700,SALA CUNA Y JARDIN INFANTIL PAYASITO,COLTAUCO,REGIÓN DE O'HIGGINS,1
41752,77057248,SALA CUNA Y JARDIN INFANTIL PEQUEÑA MISION,MOSTAZAL,REGIÓN DE O'HIGGINS,1
41621,78128070,SALA CUNA Y JARDIN INFANTIL PEQUEÑO MUNDO FELIZ,SANTA CRUZ,REGIÓN DE O'HIGGINS,1
42306,69080700,SALA CUNA Y JARDIN INFANTIL TIA NUVIA,COLTAUCO,REGIÓN DE O'HIGGINS,1
41954,69090500,SALA CUNA Y JARDÍN INFANTIL ANGELITOS,LOLOL,REGIÓN DE O'HIGGINS,1
2454,71124600,SAN FERNANDO COLLEGE,SAN FERNANDO,REGIÓN DE O'HIGGINS,1
41747,61602146,SIETE ENANITOS,CHIMBARONGO,REGIÓN DE O'HIGGINS,1
15631,76551170,TRINITY COLLEGE,MACHALÍ,REGIÓN DE O'HIGGINS,1
11291,76473500,VILLA MARIA COLLEGE,MACHALÍ,REGIÓN DE O'HIGGINS,1
2320,69081700,VIOLETA FUENTES CARVAJAL,QUINTA DE TILCOCO,REGIÓN DE O'HIGGINS,1
